Embarked_Q,Embarked_S,Sex_male,Parch_1,Parch_2,Parch_3,Parch_4,Parch_5,Parch_6,SibSp_1,SibSp_2,SibSp_3,SibSp_4,SibSp_5,SibSp_8,Pclass_2,Pclass_3,"Age_(21.0, 30.0]","Age_(30.0, 35.0]","Age_(35.0, 80.0]",Survived
0,1,1,0,0,0,0,0,0,1,0,0,0,0,0,0,1,1,0,0,0
0,0,0,0,0,0,0,0,0,1,0,0,0,0,0,0,0,0,0,1,1
0,1,0,0,0,0,0,0,0,0,0,0,0,0,0,0,1,1,0,0,1
0,1,0,0,0,0,0,0,0,1,0,0,0,0,0,0,0,0,1,0,1
0,1,1,0,0,0,0,0,0,0,0,0,0,0,0,0,1,0,1,0,0
1,0,1,0,0,0,0,0,0,0,0,0,0,0,0,0,1,1,0,0,0
0,1,1,0,0,0,0,0,0,0,0,0,0,0,0,0,0,0,0,1,0
0,1,1,1,0,0,0,0,0,0,0,1,0,0,0,0,1,0,0,0,0
0,1,0,0,1,0,0,0,0,0,0,0,0,0,0,0,1,1,0,0,1
0,0,0,0,0,0,0,0,0,1,0,0,0,0,0,1,0,0,0,0,1
0,1,0,1,0,0,0,0,0,1,0,0,0,0,0,0,1,0,0,0,1
0,1,0,0,0,0,0,0,0,0,0,0,0,0,0,0,0,0,0,1,1
0,1,1,0,0,0,0,0,0,0,0,0,0,0,0,0,1,0,0,0,0
0,1,1,0,0,0,0,1,0,1,0,0,0,0,0,0,1,0,0,1,0
0,1,0,0,0,0,0,0,0,0,0,0,0,0,0,0,1,0,0,0,0
0,1,0,0,0,0,0,0,0,0,0,0,0,0,0,1,0,0,0,1,1
1,0,1,1,0,0,0,0,0,0,0,0,1,0,0,0,1,0,0,0,0
0,1,1,0,0,0,0,0,0,0,0,0,0,0,0,1,0,1,0,0,1
0,1,0,0,0,0,0,0,0,1,0,0,0,0,0,0,1,0,1,0,0
0,0,0,0,0,0,0,0,0,0,0,0,0,0,0,0,1,1,0,0,1
0,1,1,0,0,0,0,0,0,0,0,0,0,0,0,1,0,0,1,0,0
0,1,1,0,0,0,0,0,0,0,0,0,0,0,0,1,0,0,1,0,1
1,0,0,0,0,0,0,0,0,0,0,0,0,0,0,0,1,0,0,0,1
0,1,1,0,0,0,0,0,0,0,0,0,0,0,0,0,0,1,0,0,1
0,1,0,1,0,0,0,0,0,0,0,1,0,0,0,0,1,0,0,0,0
0,1,0,0,0,0,0,1,0,1,0,0,0,0,0,0,1,0,0,1,1
0,0,1,0,0,0,0,0,0,0,0,0,0,0,0,0,1,1,0,0,0
0,1,1,0,1,0,0,0,0,0,0,1,0,0,0,0,0,0,0,0,0
1,0,0,0,0,0,0,0,0,0,0,0,0,0,0,0,1,0,0,0,1
0,1,1,0,0,0,0,0,0,0,0,0,0,0,0,0,1,1,0,0,0
0,0,1,0,0,0,0,0,0,0,0,0,0,0,0,0,0,0,0,1,0
0,0,0,0,0,0,0,0,0,1,0,0,0,0,0,0,0,1,0,0,1
1,0,0,0,0,0,0,0,0,0,0,0,0,0,0,0,1,0,0,0,1
0,1,1,0,0,0,0,0,0,0,0,0,0,0,0,1,0,0,0,1,0
0,0,1,0,0,0,0,0,0,1,0,0,0,0,0,0,0,1,0,0,0
0,1,1,0,0,0,0,0,0,1,0,0,0,0,0,0,0,0,0,1,0
0,0,1,0,0,0,0,0,0,0,0,0,0,0,0,0,1,1,0,0,1
0,1,1,0,0,0,0,0,0,0,0,0,0,0,0,0,1,0,0,0,0
0,1,0,0,0,0,0,0,0,0,1,0,0,0,0,0,1,0,0,0,0
0,0,0,0,0,0,0,0,0,1,0,0,0,0,0,0,1,0,0,0,1
0,1,0,0,0,0,0,0,0,1,0,0,0,0,0,0,1,0,0,1,0
0,1,0,0,0,0,0,0,0,1,0,0,0,0,0,1,0,1,0,0,0
0,0,1,0,0,0,0,0,0,0,0,0,0,0,0,0,1,1,0,0,0
0,0,0,0,1,0,0,0,0,1,0,0,0,0,0,1,0,0,0,0,1
1,0,0,0,0,0,0,0,0,0,0,0,0,0,0,0,1,0,0,0,1
0,1,1,0,0,0,0,0,0,0,0,0,0,0,0,0,1,1,0,0,0
1,0,1,0,0,0,0,0,0,1,0,0,0,0,0,0,1,1,0,0,0
1,0,0,0,0,0,0,0,0,0,0,0,0,0,0,0,1,0,0,0,1
0,0,1,0,0,0,0,0,0,0,1,0,0,0,0,0,1,1,0,0,0
0,1,0,0,0,0,0,0,0,1,0,0,0,0,0,0,1,0,0,0,0
0,1,1,1,0,0,0,0,0,0,0,0,1,0,0,0,1,0,0,0,0
0,1,1,0,0,0,0,0,0,0,0,0,0,0,0,0,1,0,0,0,0
0,0,0,0,0,0,0,0,0,1,0,0,0,0,0,0,0,0,0,1,1
0,1,0,0,0,0,0,0,0,1,0,0,0,0,0,1,0,1,0,0,1
0,0,1,1,0,0,0,0,0,0,0,0,0,0,0,0,0,0,0,1,0
0,1,1,0,0,0,0,0,0,0,0,0,0,0,0,0,0,1,0,0,1
0,1,0,0,0,0,0,0,0,0,0,0,0,0,0,1,0,0,0,0,1
0,0,1,0,0,0,0,0,0,0,0,0,0,0,0,0,1,1,0,0,0
0,1,0,0,1,0,0,0,0,1,0,0,0,0,0,1,0,0,0,0,1
0,1,1,0,1,0,0,0,0,0,0,0,0,1,0,0,1,0,0,0,0
0,0,1,0,0,0,0,0,0,0,0,0,0,0,0,0,1,1,0,0,0
0,1,1,0,0,0,0,0,0,1,0,0,0,0,0,0,0,0,0,1,0
0,1,1,0,1,0,0,0,0,0,0,1,0,0,0,0,1,0,0,0,0
0,0,1,0,0,0,0,0,0,0,0,0,0,0,0,0,0,1,0,0,0
0,0,1,1,0,0,0,0,0,1,0,0,0,0,0,0,1,0,0,0,1
0,1,0,0,0,0,0,0,0,0,0,0,0,0,0,1,0,1,0,0,1
0,1,1,0,0,0,0,0,0,0,0,0,0,0,0,0,1,0,0,0,0
0,1,0,0,1,0,0,0,0,0,0,0,1,0,0,0,1,0,0,0,1
0,1,1,0,0,0,0,0,0,0,1,0,0,0,0,0,1,1,0,0,0
0,1,1,0,0,0,0,0,0,0,0,0,0,0,0,1,0,0,1,0,0
0,1,0,0,1,0,0,0,0,0,0,0,0,1,0,0,1,0,0,0,0
0,1,1,0,0,0,0,0,0,0,0,0,0,0,0,1,0,0,0,0,0
0,0,1,0,0,0,0,0,0,1,0,0,0,0,0,0,1,1,0,0,0
0,1,1,0,0,0,0,0,0,0,0,0,0,0,0,0,1,0,1,0,1
0,1,1,0,0,0,0,0,0,0,0,0,0,0,0,0,1,1,0,0,0
0,1,1,0,0,0,0,0,0,0,0,0,0,0,0,0,1,1,0,0,0
0,1,1,0,0,0,0,0,0,0,0,0,0,0,0,0,1,1,0,0,0
0,1,1,0,1,0,0,0,0,0,0,0,0,0,0,1,0,0,0,0,1
0,1,0,0,0,0,0,0,0,0,0,0,0,0,0,0,1,1,0,0,1
0,1,1,0,0,0,0,0,0,0,0,0,0,0,0,0,1,1,0,0,0
0,1,1,0,0,0,0,0,0,0,0,0,0,0,0,0,1,1,0,0,1
1,0,0,0,0,0,0,0,0,0,0,0,0,0,0,0,1,0,0,0,1
0,1,1,0,0,0,0,0,0,0,0,0,0,0,0,0,0,1,0,0,0
0,1,0,0,0,0,0,0,0,0,0,0,0,0,0,1,0,0,0,0,1
0,1,0,0,0,0,0,0,0,0,0,1,0,0,0,0,1,0,1,0,1
0,1,1,0,0,1,0,0,0,1,0,0,0,0,0,0,1,0,0,0,0
0,1,1,0,0,0,0,0,0,0,0,0,0,0,0,0,1,1,0,0,0
0,1,0,0,1,0,0,0,0,0,0,1,0,0,0,0,0,1,0,0,1
0,1,1,0,0,0,0,0,0,0,0,0,0,0,0,0,1,1,0,0,0
0,1,1,0,0,0,0,0,0,0,0,0,0,0,0,0,1,1,0,0,0
0,1,1,0,0,0,0,0,0,0,0,0,0,0,0,0,1,0,0,0,0
0,1,1,0,0,0,0,0,0,1,0,0,0,0,0,0,0,0,0,1,0
0,1,1,0,1,0,0,0,0,1,0,0,0,0,0,0,1,1,0,0,0
0,1,1,0,0,0,0,0,0,0,0,0,0,0,0,0,1,0,0,1,0
0,1,1,0,0,0,0,0,0,0,0,0,0,0,0,0,1,1,0,0,0
0,0,1,0,0,0,0,0,0,0,0,0,0,0,0,0,0,0,0,1,0
0,0,1,1,0,0,0,0,0,0,0,0,0,0,0,0,0,1,0,0,1
0,1,0,1,0,0,0,0,0,0,0,0,0,0,0,1,0,0,1,0,1
0,1,1,0,0,0,0,0,0,1,0,0,0,0,0,1,0,0,1,0,0
0,1,0,0,0,0,0,0,0,0,0,0,0,0,0,0,1,1,0,0,0
0,1,1,0,0,0,0,0,0,0,0,0,0,0,0,0,1,1,0,0,0
0,1,1,1,0,0,0,0,0,0,0,0,0,0,0,0,0,0,0,0,0
0,1,1,0,0,0,0,0,0,0,0,0,0,0,0,0,1,0,1,0,0
0,1,1,0,0,0,0,0,0,0,1,0,0,0,0,0,1,0,0,1,0
0,1,1,0,0,0,0,0,0,0,0,0,0,0,0,0,1,1,0,0,0
0,1,0,0,0,0,0,0,0,0,0,0,0,0,0,0,1,0,0,0,1
0,1,1,0,0,0,0,0,0,0,0,0,0,0,0,0,1,1,0,0,1
0,1,1,0,0,0,0,0,0,0,0,0,0,0,0,0,1,0,0,1,0
1,0,0,0,0,0,0,0,0,1,0,0,0,0,0,0,1,0,0,0,1
0,1,1,0,0,0,0,0,0,0,0,0,0,0,0,0,0,0,0,1,0
0,0,0,0,0,0,0,0,0,1,0,0,0,0,0,0,1,0,0,0,0
0,1,1,0,0,0,0,0,0,0,0,0,0,0,0,0,1,1,0,0,0
0,1,0,0,0,0,0,0,0,1,0,0,0,0,0,0,1,0,0,0,0
0,0,0,0,0,0,0,0,0,0,0,0,0,0,0,0,1,0,0,0,0
0,1,1,0,0,0,0,0,0,0,0,0,0,0,0,0,1,0,0,0,0
1,0,1,0,0,0,0,0,0,0,0,0,0,0,0,0,1,0,0,1,0
0,1,1,0,0,0,0,0,0,1,0,0,0,0,0,1,0,1,0,0,0
0,0,1,1,0,0,0,0,0,0,0,0,0,0,0,0,0,1,0,0,0
0,1,0,0,1,0,0,0,0,0,0,0,1,0,0,0,1,0,0,0,0
0,1,1,0,0,0,0,0,0,0,1,0,0,0,0,1,0,0,0,0,0
0,1,1,0,0,0,0,0,0,0,0,0,0,0,0,0,1,1,0,0,0
0,0,1,0,0,0,0,0,0,1,0,0,0,0,0,1,0,0,1,0,0
0,1,0,0,0,0,0,0,0,0,0,0,0,0,0,1,0,0,1,0,1
0,1,1,1,0,0,0,0,0,0,0,0,0,0,0,0,0,0,0,1,0
0,0,1,0,0,0,0,0,0,1,0,0,0,0,0,0,1,0,0,0,1
1,0,1,0,0,0,0,0,0,0,0,0,0,0,0,0,1,1,0,0,0
0,1,1,0,0,0,0,0,0,0,0,0,0,0,0,0,1,1,0,0,1
0,0,0,1,0,0,0,0,0,1,0,0,0,0,0,0,1,0,0,0,1
0,1,1,0,0,0,0,0,0,0,0,0,0,0,0,0,1,0,0,1,0
0,0,1,0,0,0,0,0,0,0,0,0,0,0,0,0,1,0,1,0,0
0,1,1,0,0,0,0,0,0,0,0,0,0,0,0,0,1,0,0,0,0
0,1,0,0,0,0,0,0,0,1,0,0,0,0,0,0,1,0,0,1,0
0,1,0,0,0,0,0,0,0,1,0,0,0,0,0,1,0,1,0,0,1
0,1,1,0,0,0,0,0,0,0,0,0,0,0,0,1,0,1,0,0,0
0,0,1,0,0,0,0,0,0,0,0,0,0,0,0,1,0,1,0,0,0
0,1,0,0,1,0,0,0,0,0,0,0,0,0,0,0,0,0,0,0,1
0,1,1,0,0,0,0,0,0,1,0,0,0,0,0,0,0,0,0,1,0
0,1,1,0,0,0,0,0,0,0,0,0,0,0,0,0,1,0,0,0,0
0,0,1,0,0,0,0,0,0,0,0,0,0,0,0,0,0,1,0,0,0
0,0,0,0,1,0,0,0,0,0,0,0,0,0,0,0,1,1,0,0,0
0,1,0,0,0,0,0,0,0,0,0,0,0,0,0,0,1,1,0,0,1
0,1,0,0,0,0,0,0,0,1,0,0,0,0,0,0,1,1,0,0,1
1,0,1,0,0,0,0,0,0,0,0,0,0,0,0,0,1,0,0,0,0
0,1,1,0,0,0,0,0,0,0,0,0,0,0,0,1,0,0,0,0,0
0,1,1,1,0,0,0,0,0,1,0,0,0,0,0,1,0,0,0,0,0
0,1,1,0,0,0,0,0,0,0,0,0,0,0,0,0,1,1,0,0,1
0,1,0,0,1,0,0,0,0,0,1,0,0,0,0,0,1,0,0,0,0
0,1,1,0,1,0,0,0,0,0,0,0,0,0,0,1,0,0,0,1,0
0,1,1,0,0,0,0,0,0,0,0,0,0,0,0,1,0,0,0,1,0
0,1,1,0,0,0,0,0,0,0,0,0,0,0,0,1,0,0,0,1,0
0,1,0,0,0,0,0,0,0,1,0,0,0,0,0,0,0,1,0,0,1
0,1,1,0,0,0,0,0,0,0,0,0,0,0,0,0,1,0,0,1,0
0,1,1,0,1,0,0,0,0,0,0,0,0,0,0,0,1,0,0,1,0
0,1,1,0,0,0,0,0,0,0,0,0,0,0,0,0,1,1,0,0,0
0,0,1,1,0,0,0,0,0,0,0,0,0,0,0,0,0,0,0,1,0
1,0,0,0,0,0,0,0,0,0,0,0,0,0,0,0,1,0,0,0,1
0,1,1,0,0,0,0,0,0,0,0,0,0,0,0,0,1,1,0,0,0
0,1,1,0,0,0,0,0,0,0,0,0,0,0,0,0,1,1,0,0,0
0,1,1,0,1,0,0,0,0,0,0,0,0,0,1,0,1,0,0,0,0
0,1,1,1,0,0,0,0,0,0,0,0,0,0,0,0,1,0,0,1,0
0,1,0,0,0,0,0,0,0,0,0,0,0,0,0,1,0,0,0,1,1
0,1,1,0,0,0,0,0,0,0,0,0,0,0,0,0,1,1,0,0,0
0,1,1,0,0,0,0,0,0,0,0,0,0,0,0,0,1,0,0,0,0
0,1,1,1,0,0,0,0,0,0,0,0,1,0,0,0,1,0,0,0,0
0,1,1,0,1,0,0,0,0,0,0,0,0,0,0,0,1,0,0,0,1
0,1,0,1,0,0,0,0,0,0,0,0,0,0,0,0,0,1,0,0,1
0,1,0,0,0,0,1,0,0,1,0,0,0,0,0,0,1,0,0,1,0
0,1,1,0,0,0,0,0,0,0,0,0,0,0,0,0,0,1,0,0,0
0,1,1,0,0,0,0,0,0,0,0,0,0,0,0,0,1,1,0,0,0
0,1,1,0,0,0,0,0,0,0,0,0,0,0,0,0,0,0,0,1,0
1,0,1,1,0,0,0,0,0,0,0,0,1,0,0,0,1,0,0,0,0
0,1,0,1,0,0,0,0,0,1,0,0,0,0,0,0,1,0,0,0,1
0,1,1,0,0,0,0,0,0,0,0,0,0,0,0,0,1,0,0,0,0
0,0,1,0,0,0,0,0,0,0,0,0,0,0,0,0,0,0,0,1,0
0,1,1,1,0,0,0,0,0,1,0,0,0,0,0,0,1,0,0,0,0
0,1,1,1,0,0,0,0,0,0,0,1,0,0,0,0,1,0,0,0,0
0,0,0,0,0,0,0,0,0,0,0,0,0,0,0,0,0,0,0,1,0
0,1,1,0,0,0,0,0,0,0,0,0,0,0,0,1,0,1,0,0,0
0,1,1,0,0,0,0,0,0,0,0,0,0,0,0,0,1,0,0,1,0
0,1,0,0,1,0,0,0,0,0,0,0,0,0,1,0,1,0,0,0,0
0,0,1,0,0,0,0,0,0,0,0,0,0,0,0,1,0,1,0,0,0
0,1,1,0,1,0,0,0,0,0,0,0,1,0,0,0,1,0,0,0,0
0,1,1,1,0,0,0,0,0,0,1,0,0,0,0,1,0,0,0,0,1
0,1,0,0,1,0,0,0,0,0,0,0,0,0,0,0,1,0,0,0,1
0,1,1,0,0,0,0,0,0,0,0,0,0,0,0,0,0,1,0,0,0
1,0,0,0,0,0,0,0,0,1,0,0,0,0,0,0,1,1,0,0,1
0,1,1,0,0,0,0,0,0,0,0,0,0,0,0,0,0,0,0,1,1
1,0,1,1,0,0,0,0,0,1,0,0,0,0,0,0,1,0,0,1,0
0,1,1,0,0,0,0,0,0,0,0,0,0,0,0,0,1,0,0,1,0
0,1,0,0,0,0,0,0,0,0,0,0,0,0,0,1,0,0,1,0,1
0,1,1,0,0,0,0,0,0,0,0,0,0,0,0,1,0,0,0,0,0
0,1,0,0,0,0,0,0,0,1,0,0,0,0,0,0,1,0,0,0,1
0,1,1,1,0,0,0,0,0,1,0,0,0,0,0,1,0,0,0,0,1
0,0,0,0,0,0,0,0,0,0,0,0,0,0,0,0,0,0,0,1,1
0,0,0,0,0,0,0,0,0,0,0,0,0,0,0,0,0,0,0,1,1
1,0,1,0,0,0,0,0,0,0,0,0,0,0,0,0,1,1,0,0,0
0,1,1,1,0,0,0,0,0,0,0,0,0,0,0,0,1,0,0,1,0
1,0,0,0,0,0,0,0,0,0,0,0,0,0,0,0,1,0,0,0,1
0,1,0,0,0,0,0,0,0,0,0,0,0,0,0,1,0,1,0,0,0
0,1,1,0,0,0,0,0,0,0,0,0,0,0,0,0,1,1,0,0,0
0,1,1,0,1,0,0,0,0,0,0,0,0,0,1,0,1,1,0,0,0
0,1,1,0,0,0,0,0,0,0,0,0,0,0,0,0,1,0,1,0,0
0,0,1,0,0,0,0,0,0,0,0,0,0,0,0,0,1,0,0,1,0
0,1,1,0,0,0,0,0,0,0,0,0,0,0,0,0,1,0,0,0,1
0,1,0,1,0,0,0,0,0,0,0,0,0,0,0,0,1,0,0,0,0
0,1,1,0,0,0,0,0,0,1,0,0,0,0,0,0,1,0,1,0,0
0,0,1,0,0,0,0,0,0,0,0,0,0,0,0,0,1,1,0,0,1
1,0,0,0,0,0,0,0,0,0,0,0,0,0,0,0,1,0,0,0,1
0,0,1,0,0,0,0,0,0,0,0,0,0,0,0,0,0,0,0,1,1
0,1,1,0,0,0,0,0,0,0,0,0,0,0,0,0,1,1,0,0,0
0,1,0,0,0,0,0,0,0,0,0,0,0,0,0,1,0,0,1,0,1
0,1,1,0,0,0,0,0,0,0,0,0,0,0,0,0,1,1,0,0,0
0,1,1,0,0,0,0,0,0,0,0,0,0,0,0,1,0,1,0,0,0
1,0,1,0,0,0,0,0,0,1,0,0,0,0,0,0,1,1,0,0,0
0,0,0,0,0,0,0,0,0,1,0,0,0,0,0,0,0,0,1,0,1
0,1,0,0,0,0,0,0,0,0,0,0,0,0,0,0,1,1,0,0,1
0,1,1,0,0,0,0,0,0,1,0,0,0,0,0,1,0,0,0,1,0
0,0,0,0,0,0,0,0,0,0,0,0,0,0,0,0,0,0,1,0,1
0,1,1,0,0,0,0,0,0,0,0,0,0,0,0,1,0,1,0,0,0
0,1,1,0,0,0,0,0,0,0,0,0,0,0,0,0,1,0,0,0,1
0,1,1,0,0,0,0,0,0,0,0,0,0,0,0,1,0,1,0,0,0
0,1,1,0,0,0,0,0,0,0,0,0,0,0,0,0,1,0,0,1,0
0,1,1,0,0,0,0,0,0,0,0,0,0,0,0,0,1,1,0,0,0
0,1,1,0,0,0,0,0,0,1,0,0,0,0,0,0,0,0,0,1,1
0,1,1,0,0,0,0,0,0,0,0,0,0,0,0,0,1,1,0,0,0
0,1,1,0,0,0,0,0,0,0,0,0,0,0,0,1,0,0,0,0,1
0,1,1,0,0,0,0,0,0,0,0,0,0,0,0,0,1,0,0,0,0
0,1,1,0,0,0,0,0,0,0,0,0,0,0,0,1,0,0,0,0,0
0,1,0,1,0,0,0,0,0,0,0,1,0,0,0,0,1,0,0,0,0
0,1,0,0,0,0,0,0,0,1,0,0,0,0,0,0,0,0,1,0,1
0,1,1,0,0,0,0,0,0,0,0,0,0,0,0,0,1,1,0,0,0
0,1,1,0,0,0,0,0,0,0,0,0,0,0,0,1,0,0,0,1,0
0,1,0,0,1,0,0,0,0,0,0,0,1,0,0,0,1,0,0,0,1
0,1,1,0,0,0,0,0,0,0,0,0,0,0,0,1,0,1,0,0,0
0,1,0,0,0,0,0,0,0,0,0,0,0,0,0,0,1,0,0,0,0
0,1,1,0,0,0,0,0,0,1,0,0,0,0,0,1,0,0,0,1,0
0,1,0,0,1,0,0,0,0,0,0,0,0,0,0,1,0,0,0,0,1
0,1,1,0,0,0,0,0,0,0,0,0,0,0,0,1,0,0,0,0,0
0,1,1,0,0,0,0,0,0,0,0,0,0,0,0,1,0,0,1,0,0
0,0,0,0,0,0,0,0,0,1,0,0,0,0,0,0,1,0,0,0,0
1,0,0,0,0,0,0,0,0,1,0,0,0,0,0,0,1,0,0,0,1
0,1,1,0,0,0,0,0,0,0,0,0,0,0,0,1,0,1,0,0,0
0,1,1,0,0,0,0,0,0,0,0,0,0,0,0,0,1,1,0,0,0
0,0,1,0,0,0,0,0,0,0,0,0,0,0,0,0,1,1,0,0,0
1,0,1,0,0,0,0,0,0,0,1,0,0,0,0,0,0,0,0,1,0
0,1,0,0,0,0,0,0,0,0,0,0,0,0,0,0,1,1,0,0,0
0,1,0,0,1,0,0,0,0,0,0,0,0,0,0,1,0,1,0,0,1
0,1,1,1,0,0,0,0,0,1,0,0,0,0,0,0,0,0,0,1,1
0,1,1,0,0,0,0,0,0,1,0,0,0,0,0,1,0,0,0,1,0
0,1,1,0,0,0,0,0,0,0,0,0,0,0,0,0,1,1,0,0,0
0,1,0,1,0,0,0,0,0,1,0,0,0,0,0,0,1,1,0,0,0
0,1,1,0,0,0,0,0,0,0,0,0,0,0,0,0,0,0,0,1,0
0,1,1,0,0,0,0,0,0,1,0,0,0,0,0,0,1,1,0,0,0
0,1,0,0,1,0,0,0,0,0,0,0,0,0,0,0,1,0,0,1,0
0,0,0,0,1,0,0,0,0,0,0,0,0,0,0,0,1,1,0,0,1
0,0,0,0,0,0,0,0,0,0,0,0,0,0,0,0,0,1,0,0,1
0,1,0,0,0,0,0,0,0,0,0,0,0,0,0,0,0,1,0,0,1
0,0,0,0,0,0,0,0,0,0,0,0,0,0,0,0,0,0,1,0,1
0,1,0,1,0,0,0,0,0,0,0,0,0,0,0,1,0,0,0,1,1
1,0,1,0,0,0,0,0,0,0,0,0,0,0,0,0,1,1,0,0,0
0,1,1,0,1,0,0,0,0,0,0,0,1,0,0,0,1,0,0,0,1
0,1,1,1,0,0,0,0,0,1,0,0,0,0,0,0,0,0,0,1,0
0,1,1,0,0,0,0,0,0,0,0,0,0,0,0,0,0,0,0,1,0
1,0,0,0,0,0,0,0,0,0,0,0,0,0,0,0,1,0,0,0,0
0,1,1,0,0,0,0,0,0,0,0,0,0,0,0,1,0,0,0,1,0
0,1,1,1,0,0,0,0,0,0,0,0,1,0,0,0,1,0,0,0,0
0,1,1,0,0,0,0,0,0,1,0,0,0,0,0,0,1,1,0,0,1
0,1,0,1,0,0,0,0,0,0,0,0,0,0,0,0,0,0,0,1,1
0,1,0,0,0,0,0,0,0,0,0,0,0,0,0,0,0,0,1,0,1
0,1,1,0,0,0,0,0,0,0,0,0,0,0,0,0,0,1,0,0,0
0,1,1,0,0,0,0,0,0,0,0,0,0,0,0,0,1,1,0,0,1
0,1,0,1,0,0,0,0,0,0,0,0,0,0,0,1,0,0,0,1,1
0,0,1,1,0,0,0,0,0,0,0,0,0,0,0,0,0,0,0,1,0
1,0,0,0,0,0,0,0,0,0,0,0,0,0,0,0,1,0,0,0,1
0,1,0,0,0,0,0,0,0,1,0,0,0,0,0,0,0,0,0,1,1
0,1,0,0,0,0,0,0,0,0,0,0,0,0,0,0,1,0,0,1,0
0,1,1,0,0,0,0,0,0,0,0,0,0,0,0,1,0,1,0,0,0
1,0,1,1,0,0,0,0,0,0,0,0,1,0,0,0,1,0,0,0,0
0,1,0,1,0,0,0,0,0,1,0,0,0,0,0,0,1,0,1,0,1
1,0,1,0,0,0,0,0,0,0,0,0,0,0,0,0,1,0,0,1,0
0,1,1,0,0,0,0,0,0,0,0,0,0,0,0,0,1,1,0,0,0
0,1,1,0,0,0,0,0,0,0,0,0,0,0,0,0,1,0,0,0,0
0,1,1,0,0,0,0,0,0,0,0,0,0,0,0,0,1,0,0,0,1
0,1,1,0,0,0,0,0,0,0,0,0,0,0,0,0,0,1,0,0,0
0,0,1,0,0,0,0,0,0,0,0,0,0,0,0,0,1,0,1,0,0
0,1,1,0,0,0,0,0,0,0,0,0,0,0,0,0,1,1,0,0,1
0,1,1,0,0,0,0,0,0,0,0,0,0,0,0,0,1,1,0,0,0
0,1,1,0,0,0,0,0,0,0,0,0,0,0,0,1,0,0,0,1,1
1,0,0,0,0,0,0,0,0,0,0,0,0,0,0,0,1,1,0,0,1
0,1,0,0,0,0,0,0,0,0,0,0,0,0,0,0,0,1,0,0,1
0,0,0,0,0,0,0,0,0,1,0,0,0,0,0,0,0,0,0,0,1
0,0,1,0,0,0,0,0,0,0,0,0,0,0,0,1,0,0,0,1,0
0,1,0,0,0,0,0,0,0,0,0,0,0,0,0,0,1,1,0,0,0
0,1,1,0,0,0,0,0,0,0,0,0,0,0,0,0,1,1,0,0,0
0,0,1,0,0,0,0,0,0,0,0,0,0,0,0,0,0,1,0,0,0
0,0,1,0,0,0,0,0,0,0,0,0,0,0,0,0,1,1,0,0,0
0,1,0,0,1,0,0,0,0,1,0,0,0,0,0,0,0,0,0,0,0
0,1,1,0,0,0,0,0,0,0,0,0,0,0,0,0,0,1,0,0,1
0,0,0,1,0,0,0,0,0,0,0,0,0,0,0,0,0,0,0,1,1
1,0,0,0,0,0,0,0,0,0,0,0,0,0,0,0,1,0,0,0,1
1,0,1,0,0,0,0,0,0,0,1,0,0,0,0,0,1,1,0,0,1
0,1,1,0,0,0,0,0,0,0,0,0,0,0,0,0,1,0,0,0,0
1,0,0,0,0,0,0,0,0,0,0,0,0,0,0,1,0,0,0,0,1
0,1,1,0,0,0,0,0,0,0,0,0,0,0,0,0,1,1,0,0,0
0,1,1,0,1,0,0,0,0,1,0,0,0,0,0,0,0,0,0,0,1
0,0,0,0,0,0,0,0,0,0,0,0,0,0,0,0,0,0,0,0,1
0,0,0,0,0,0,0,0,0,1,0,0,0,0,0,0,0,0,0,0,1
0,0,1,0,0,0,0,0,0,1,0,0,0,0,0,1,0,1,0,0,0
0,0,0,0,0,0,0,0,0,0,0,0,0,0,0,0,0,1,0,0,1
0,0,0,0,0,0,0,0,0,0,0,0,0,0,0,0,0,1,0,0,1
0,0,0,0,1,0,0,0,0,0,1,0,0,0,0,0,0,0,0,0,1
0,1,0,1,0,0,0,0,0,1,0,0,0,0,0,1,0,1,0,0,0
0,1,1,0,0,0,0,0,0,0,0,0,0,0,0,0,1,1,0,0,0
0,1,1,1,0,0,0,0,0,1,0,0,0,0,0,1,0,0,0,1,0
0,1,0,0,0,0,0,0,0,0,0,0,0,0,0,0,1,1,0,0,1
0,1,0,0,0,0,0,0,0,1,0,0,0,0,0,1,0,1,0,0,1
0,1,1,0,0,0,0,0,0,0,0,0,0,0,0,1,0,0,0,1,0
0,1,0,0,1,0,0,0,0,0,0,0,0,0,0,0,0,0,1,0,1
0,0,0,1,0,0,0,0,0,1,0,0,0,0,0,0,0,0,0,1,1
0,1,1,0,0,0,0,0,0,0,0,0,0,0,0,0,1,1,0,0,0
0,1,1,0,0,0,0,0,0,0,0,0,0,0,0,0,1,1,0,0,0
1,0,0,0,0,0,0,0,0,0,0,0,0,0,0,1,0,1,0,0,1
0,1,0,1,0,0,0,0,0,1,0,0,0,0,0,1,0,1,0,0,1
0,1,1,0,1,0,0,0,0,0,0,0,0,0,1,0,1,1,0,0,0
0,0,0,0,0,0,0,0,0,0,0,0,0,0,0,0,0,0,0,1,1
0,1,1,0,0,0,0,0,0,0,0,0,0,0,0,0,1,0,0,1,0
0,1,0,0,0,0,0,0,0,0,0,0,0,0,0,1,0,0,0,1,1
0,1,0,1,0,0,0,0,0,1,0,0,0,0,0,0,1,0,1,0,1
0,0,0,1,0,0,0,0,0,0,0,0,0,0,0,0,0,0,0,0,1
1,0,0,0,0,0,0,0,0,0,1,0,0,0,0,0,1,0,0,0,1
0,1,1,0,0,0,0,0,0,0,0,0,0,0,0,0,0,0,0,1,0
0,1,1,1,0,0,0,0,0,0,0,0,0,0,0,0,0,0,0,1,0
0,1,1,0,0,0,0,0,0,0,1,0,0,0,0,0,1,0,0,0,0
0,1,0,0,0,0,0,0,0,1,0,0,0,0,0,0,0,1,0,0,1
0,1,1,0,0,0,0,0,0,0,0,0,0,0,0,0,1,1,0,0,0
0,1,1,0,0,0,0,0,0,1,0,0,0,0,0,0,0,1,0,0,0
0,0,0,0,0,0,0,0,0,0,0,0,0,0,0,0,0,0,0,1,1
0,1,1,0,0,0,0,0,0,0,0,0,0,0,0,0,1,0,0,1,1
0,1,1,0,0,0,0,0,0,0,0,0,0,0,0,0,0,0,0,1,0
0,1,1,1,0,0,0,0,0,1,0,0,0,0,0,1,0,0,0,0,1
0,1,0,0,1,0,0,0,0,0,0,1,0,0,0,0,0,1,0,0,1
0,1,1,0,0,0,0,0,0,0,0,0,0,0,0,1,0,1,0,0,0
0,1,1,0,0,0,0,0,0,0,0,0,0,0,0,1,0,1,0,0,0
0,1,1,0,0,0,0,0,0,0,0,0,0,0,0,1,0,0,0,1,0
0,1,0,0,0,0,0,0,0,0,0,0,0,0,0,1,0,1,0,0,1
0,1,0,0,0,0,0,0,0,0,0,0,0,0,0,1,0,0,0,1,1
0,1,0,0,0,0,0,0,0,1,0,0,0,0,0,0,1,1,0,0,1
0,1,1,1,0,0,0,0,0,1,0,0,0,0,0,0,1,0,0,0,1
0,1,1,0,0,0,0,0,0,0,0,0,0,0,0,0,1,0,0,1,0
0,1,1,0,0,0,0,0,0,0,0,0,0,0,0,0,1,1,0,0,0
0,1,1,0,0,0,0,0,0,0,0,0,0,0,0,0,0,1,0,0,0
0,0,1,1,0,0,0,0,0,1,0,0,0,0,0,0,1,0,0,0,0
0,1,1,0,0,0,0,0,0,1,0,0,0,0,0,0,1,1,0,0,0
0,0,1,0,0,0,0,0,0,0,0,0,0,0,0,0,1,1,0,0,0
0,1,1,0,0,0,0,0,0,0,0,0,0,0,0,0,1,1,0,0,0
0,1,0,1,0,0,0,0,0,0,0,0,0,0,0,0,0,1,0,0,1
0,1,0,0,0,0,0,0,0,0,0,0,0,0,0,1,0,0,0,1,0
1,0,0,0,0,0,0,0,0,0,0,0,0,0,0,0,1,0,0,0,1
1,0,0,0,0,0,0,0,0,0,0,0,0,0,0,0,1,0,0,0,1
0,1,1,0,0,0,1,0,0,1,0,0,0,0,0,0,1,0,0,1,0
0,0,1,0,0,0,0,0,0,1,0,0,0,0,0,1,0,1,0,0,0
0,0,0,1,0,0,0,0,0,0,0,0,0,0,0,0,1,0,0,1,0
0,1,1,0,0,0,0,0,0,0,0,0,0,0,0,0,1,0,1,0,0
1,0,1,0,0,0,0,0,0,1,0,0,0,0,0,0,1,1,0,0,0
0,1,1,0,0,0,0,0,0,0,0,0,0,0,0,0,1,1,0,0,0
0,0,0,0,0,0,0,0,0,1,0,0,0,0,0,0,0,0,0,1,1
0,0,0,0,0,0,0,0,0,0,0,0,0,0,0,0,1,1,0,0,1
1,0,0,0,0,0,0,0,0,0,0,0,0,0,0,0,1,0,0,0,1
0,0,0,0,0,0,0,0,0,0,0,0,0,0,0,0,0,1,0,0,1
0,0,1,0,0,0,0,0,0,1,0,0,0,0,0,0,0,1,0,0,1
0,1,1,0,0,0,0,0,0,1,0,0,0,0,0,0,1,0,0,0,0
0,1,1,0,0,0,0,0,0,0,0,0,0,0,0,0,1,0,0,0,0
0,0,1,0,0,0,0,0,0,0,0,0,0,0,0,0,0,1,0,0,0
0,1,0,1,0,0,0,0,0,0,0,1,0,0,0,0,1,0,0,0,0
0,0,0,0,0,0,0,0,0,1,0,0,0,0,0,0,0,1,0,0,1
0,1,0,0,0,0,0,0,0,0,0,0,0,0,0,0,1,1,0,0,1
0,0,1,0,1,0,0,0,0,0,0,0,0,0,0,0,0,1,0,0,0
0,0,1,0,0,0,0,0,0,0,0,0,0,0,0,0,1,0,0,0,0
0,1,1,0,0,0,0,0,0,0,0,0,0,0,0,0,1,0,0,0,0
0,0,0,0,0,0,0,0,0,0,0,0,0,0,0,0,0,0,0,1,1
0,0,0,0,1,0,0,0,0,0,0,0,0,0,0,0,1,0,0,0,1
0,1,1,0,0,0,0,0,0,0,0,0,0,0,0,0,1,0,1,0,0
0,1,0,0,0,0,0,0,0,1,0,0,0,0,0,0,0,0,1,0,1
0,1,1,0,0,0,0,0,0,0,0,0,0,0,0,0,1,1,0,0,0
0,1,1,0,0,0,0,0,0,0,0,0,0,0,0,1,0,0,0,0,0
0,1,1,0,1,0,0,0,0,0,0,0,0,1,0,0,1,0,0,0,0
0,1,0,0,0,0,0,0,0,0,0,0,0,0,0,1,0,0,0,1,1
1,0,1,0,0,0,0,0,0,0,0,0,0,0,0,0,1,1,0,0,0
0,0,0,0,0,0,0,0,0,0,0,0,0,0,0,1,0,0,0,0,1
0,1,1,0,1,0,0,0,0,1,0,0,0,0,0,0,0,0,0,1,1
0,1,1,0,0,0,0,0,0,0,0,0,0,0,0,0,1,0,0,0,1
0,1,1,0,0,0,0,0,0,0,1,0,0,0,0,0,1,1,0,0,0
0,0,0,0,0,0,0,0,0,1,0,0,0,0,0,0,0,1,0,0,1
0,1,0,0,1,0,0,0,0,0,0,0,0,0,0,0,1,1,0,0,1
0,1,1,0,0,0,0,0,0,0,0,0,0,0,0,0,1,1,0,0,0
0,1,0,0,0,0,0,0,0,0,0,0,0,0,0,0,1,0,1,0,0
0,1,1,0,0,0,0,0,0,0,0,0,0,0,0,1,0,0,0,1,0
0,1,1,0,0,0,0,0,0,0,0,0,0,0,0,1,0,1,0,0,0
0,1,0,0,0,0,0,0,0,0,0,0,0,0,0,1,0,1,0,0,1
0,1,1,0,0,0,0,0,0,0,0,0,0,0,0,0,1,0,0,1,1
0,1,1,0,0,0,0,0,0,0,0,0,0,0,0,0,1,1,0,0,0
0,1,0,0,0,0,0,0,0,1,0,0,0,0,0,0,1,0,0,0,0
0,1,1,0,0,0,0,0,0,1,0,0,0,0,0,0,1,1,0,0,0
0,1,0,0,0,0,0,0,0,0,0,0,0,0,0,0,1,0,0,0,0
0,1,1,0,0,0,0,0,0,1,0,0,0,0,0,1,0,0,1,0,0
0,1,1,0,0,0,0,0,0,0,0,0,0,0,0,0,1,0,0,1,0
0,1,1,1,0,0,0,0,0,1,0,0,0,0,0,1,0,0,0,0,1
0,1,1,0,0,0,0,0,0,0,0,0,0,0,0,0,1,0,0,0,0
0,1,0,1,0,0,0,0,0,0,0,1,0,0,0,0,1,0,0,0,0
0,1,1,0,0,0,0,0,0,0,0,0,0,0,0,0,1,1,0,0,0
1,0,1,0,0,0,0,0,0,0,0,0,0,0,0,0,1,1,0,0,0
1,0,0,0,0,0,0,0,0,1,0,0,0,0,0,0,0,0,1,0,1
0,1,1,0,0,0,0,0,0,0,0,0,0,0,0,1,0,1,0,0,0
0,1,1,0,0,0,0,0,0,0,0,0,0,0,0,0,1,0,0,1,1
0,1,0,0,0,0,0,0,0,0,0,0,0,0,0,0,1,1,0,0,0
0,1,0,1,0,0,0,0,0,1,0,0,0,0,0,1,0,0,1,0,1
0,1,0,0,1,0,0,0,0,0,0,0,0,0,0,1,0,0,0,0,1
0,1,1,0,0,0,0,0,0,0,0,0,0,0,0,1,0,1,0,0,0
0,1,0,0,1,0,0,0,0,0,0,0,0,0,0,0,1,0,0,0,0
0,0,1,0,0,0,0,0,0,0,0,0,0,0,0,0,1,1,0,0,0
1,0,1,0,0,0,0,0,0,0,0,0,0,0,0,0,1,0,0,0,0
0,1,1,0,0,0,0,0,0,0,0,0,0,0,0,0,1,1,0,0,0
0,1,0,1,0,0,0,0,0,1,0,0,0,0,0,0,1,1,0,0,0
0,1,1,1,0,0,0,0,0,1,0,0,0,0,0,0,1,0,0,0,0
0,1,1,0,0,0,0,0,0,0,0,0,0,0,0,0,1,1,0,0,0
0,1,0,0,0,0,0,0,0,1,0,0,0,0,0,1,0,1,0,0,1
0,1,0,0,0,0,0,0,0,0,0,0,0,0,0,1,0,0,0,0,1
1,0,1,0,0,0,0,0,0,0,0,0,0,0,0,0,1,1,0,0,0
0,1,1,0,0,0,0,0,0,0,0,0,0,0,0,0,1,0,1,0,1
0,1,1,0,0,0,0,0,0,0,0,0,0,0,0,0,0,1,0,0,1
0,1,0,0,0,0,0,0,0,1,0,0,0,0,0,0,1,1,0,0,1
0,1,0,0,0,0,0,0,0,1,0,0,0,0,0,1,0,0,0,1,1
0,1,1,0,0,0,0,0,0,0,0,0,0,0,0,0,1,0,0,0,0
0,1,1,0,0,0,0,0,0,1,0,0,0,0,0,0,0,0,0,1,0
0,1,0,0,1,0,0,0,0,1,0,0,0,0,0,0,0,0,0,0,1
0,1,0,0,1,0,0,0,0,0,1,0,0,0,0,0,1,0,0,0,0
0,1,0,0,0,1,0,0,0,0,1,0,0,0,0,1,0,1,0,0,1
0,1,1,0,0,0,1,0,0,1,0,0,0,0,0,0,0,0,0,1,0
0,1,1,0,0,0,0,0,0,0,0,0,0,0,0,1,0,0,1,0,0
0,1,0,1,0,0,0,0,0,1,0,0,0,0,0,1,0,0,0,1,1
0,1,1,0,0,0,0,0,0,0,0,0,0,0,0,0,1,0,0,0,0
0,1,1,0,0,0,0,0,0,1,0,0,0,0,0,0,1,1,0,0,0
0,1,0,0,0,0,0,0,0,0,0,0,0,0,0,1,0,1,0,0,1
0,1,1,0,0,0,0,0,0,0,0,0,0,0,0,0,1,1,0,0,1
0,1,1,0,1,0,0,0,0,0,0,0,0,0,0,0,0,0,0,0,1
0,1,0,1,0,0,0,0,0,0,0,0,0,0,0,1,0,0,0,0,1
0,1,1,0,0,0,0,0,0,0,0,0,0,0,0,0,0,0,1,0,1
0,0,0,1,0,0,0,0,0,0,1,0,0,0,0,0,1,0,0,0,1
0,1,1,0,0,0,0,0,0,0,0,0,0,0,0,0,0,0,0,1,1
0,1,1,0,1,0,0,0,0,1,0,0,0,0,0,1,0,0,0,1,0
0,1,1,0,0,0,0,0,0,1,0,0,0,0,0,0,1,1,0,0,0
0,0,1,0,0,0,0,0,0,0,0,0,0,0,0,0,0,1,0,0,0
0,0,1,0,0,0,0,0,0,1,0,0,0,0,0,0,0,0,0,1,1
0,1,1,0,0,0,0,0,0,0,0,0,0,0,0,0,1,1,0,0,0
0,0,1,0,0,0,0,0,0,0,0,0,0,0,0,0,1,1,0,0,1
0,1,1,0,0,0,0,0,0,0,0,0,0,0,0,0,0,0,0,1,0
0,1,0,0,0,0,0,0,0,1,0,0,0,0,0,0,0,1,0,0,1
0,1,0,0,0,0,0,0,0,0,0,0,0,0,0,1,0,0,0,1,1
1,0,1,0,0,0,0,0,0,0,0,0,0,0,0,0,1,1,0,0,0
0,1,1,0,0,0,0,0,0,0,0,0,0,0,0,0,0,0,0,1,1
0,1,1,0,0,0,0,0,0,0,0,0,0,0,0,0,1,0,1,0,0
0,1,1,0,0,0,0,0,0,0,0,0,0,0,0,0,0,0,0,1,0
0,1,1,0,0,0,0,0,0,0,0,0,0,0,0,1,0,0,0,1,0
0,1,1,0,0,0,0,0,0,0,0,0,0,0,0,0,1,1,0,0,0
0,1,1,0,0,0,0,0,0,0,0,0,0,0,0,0,1,0,0,1,0
0,1,1,0,0,0,0,0,0,0,0,0,0,0,0,1,0,1,0,0,0
0,1,1,0,0,0,0,0,0,0,0,0,0,0,0,0,0,0,0,1,0
1,0,1,0,0,0,0,0,0,0,0,0,0,0,0,0,1,1,0,0,0
0,0,0,1,0,0,0,0,0,0,1,0,0,0,0,0,1,0,0,0,1
0,1,1,0,0,0,0,0,0,0,0,0,0,0,0,0,1,1,0,0,0
0,1,1,0,0,0,0,0,0,0,0,0,0,0,0,0,1,0,0,1,0
0,1,0,0,1,0,0,0,0,1,0,0,0,0,0,1,0,0,1,0,1
0,0,0,0,0,0,0,0,0,0,0,0,0,0,0,1,0,1,0,0,1
0,1,0,0,0,0,0,0,0,0,0,0,0,0,0,0,1,1,0,0,0
0,1,1,0,0,0,0,0,0,0,0,0,0,0,0,0,0,1,0,0,0
0,1,1,0,0,0,0,0,0,1,0,0,0,0,0,1,0,0,1,0,0
0,1,1,0,0,0,0,0,0,1,0,0,0,0,0,0,1,1,0,0,0
0,1,1,0,0,0,0,0,0,0,0,0,0,0,0,0,1,1,0,0,0
0,1,0,1,0,0,0,0,0,0,0,0,0,0,0,0,1,0,0,0,1
0,1,1,0,1,0,0,0,0,0,0,0,0,1,0,0,1,0,0,0,0
0,1,1,0,0,0,0,0,0,0,0,0,0,0,0,1,0,1,0,0,0
0,1,1,0,0,0,0,0,0,0,0,0,0,0,0,0,1,0,0,1,0
0,1,0,0,0,0,0,0,0,0,0,0,0,0,0,0,1,0,0,1,1
0,0,1,0,0,0,0,0,0,1,0,0,0,0,0,0,0,1,0,0,1
0,1,0,1,0,0,0,0,0,0,0,1,0,0,0,0,1,0,0,0,0
0,1,0,0,0,0,0,0,0,1,0,0,0,0,0,0,0,0,1,0,1
0,0,1,0,0,0,0,0,0,0,0,0,0,0,0,0,0,0,0,1,0
0,1,1,0,0,0,0,0,0,0,0,0,0,0,0,0,1,1,0,0,0
0,1,1,1,0,0,0,0,0,1,0,0,0,0,0,0,1,0,0,0,1
0,1,1,0,0,0,0,0,0,1,0,0,0,0,0,0,1,1,0,0,0
0,1,1,0,0,0,0,0,0,0,0,0,0,0,0,0,1,0,0,0,0
0,1,1,0,0,0,0,0,0,0,0,0,0,0,0,0,0,0,0,1,0
0,0,1,0,0,0,0,0,0,0,0,0,0,0,0,0,0,0,0,1,0
0,1,1,0,0,0,0,0,0,0,0,0,0,0,0,0,1,0,0,0,0
0,0,1,0,0,0,0,0,0,0,0,0,0,0,0,0,1,1,0,0,0
0,0,0,0,0,0,0,0,0,1,0,0,0,0,0,0,0,0,0,1,1
0,1,1,0,0,0,0,0,0,0,0,0,0,0,0,0,1,1,0,0,0
0,1,0,0,1,0,0,0,0,1,0,0,0,0,0,0,0,1,0,0,0
0,1,1,0,0,0,0,0,0,0,0,0,0,0,0,0,1,1,0,0,0
0,1,1,0,0,0,0,0,0,0,0,0,0,0,0,0,1,0,0,0,0
1,0,0,0,0,0,0,0,0,0,0,0,0,0,0,0,1,0,0,0,0
1,0,0,0,0,0,0,0,0,0,0,0,0,0,0,0,1,0,0,0,0
0,1,0,0,0,0,0,0,0,0,0,0,0,0,0,0,1,0,0,1,0
0,1,0,0,0,0,0,0,0,0,0,0,0,0,0,0,0,0,0,0,1
0,0,1,0,0,0,0,0,0,1,0,0,0,0,0,0,0,0,0,0,0
0,1,0,0,1,0,0,0,0,0,0,0,0,0,0,1,0,0,1,0,1
0,1,1,0,0,0,0,0,0,0,0,0,0,0,0,0,0,1,0,0,1
0,1,1,0,0,0,0,0,0,0,0,0,0,0,0,0,1,1,0,0,0
0,1,1,0,0,0,0,0,0,0,0,0,0,0,0,0,1,1,0,0,1
1,0,1,0,0,0,0,0,0,0,0,0,0,0,0,0,1,1,0,0,1
0,1,1,0,0,0,0,0,0,0,0,0,0,0,0,0,1,1,0,0,0
0,1,1,0,0,0,0,0,0,0,0,0,0,0,0,0,0,0,0,1,1
0,0,0,0,0,0,0,0,0,1,0,0,0,0,0,0,0,0,0,1,1
0,1,1,0,0,0,0,0,0,0,0,0,0,0,0,0,1,1,0,0,0
0,1,1,0,0,0,0,0,0,0,0,0,0,0,0,0,0,0,0,1,0
0,1,0,0,0,0,0,0,0,0,0,0,0,0,0,1,0,0,1,0,1
1,0,1,0,0,0,0,0,0,0,0,0,0,0,0,0,1,1,0,0,0
0,1,0,0,0,0,0,0,0,1,0,0,0,0,0,1,0,0,0,1,1
0,1,1,0,0,0,0,0,0,0,0,0,0,0,0,0,1,0,1,0,0
0,1,0,0,0,0,0,0,0,0,0,0,0,0,0,0,0,1,0,0,1
0,1,1,0,0,0,0,0,0,0,0,0,0,0,0,0,1,1,0,0,0
0,0,1,0,0,0,0,0,0,0,0,0,0,0,0,0,1,1,0,0,0
0,0,0,1,0,0,0,0,0,0,0,0,0,0,0,0,0,0,0,1,1
0,0,1,0,0,0,0,0,0,0,0,0,0,0,0,0,1,1,0,0,0
1,0,1,0,0,0,0,0,0,0,0,0,0,0,0,0,1,0,0,1,0
0,1,0,0,0,0,0,0,0,0,0,0,0,0,0,1,0,0,0,1,1
0,1,1,0,0,0,0,0,0,0,0,0,0,0,0,0,0,1,0,0,0
0,1,1,0,0,0,0,0,0,0,0,0,0,0,0,0,1,0,0,1,0
0,1,1,1,0,0,0,0,0,0,1,0,0,0,0,1,0,1,0,0,0
0,1,0,1,0,0,0,0,0,1,0,0,0,0,0,1,0,0,0,0,1
0,0,1,0,0,0,0,0,0,0,0,0,0,0,0,0,1,1,0,0,0
0,0,1,1,0,0,0,0,0,1,0,0,0,0,0,0,1,0,0,0,0
0,0,0,0,1,0,0,0,0,0,0,0,0,0,0,0,1,1,0,0,1
0,1,0,0,0,0,0,0,0,0,0,0,0,0,0,0,1,1,0,0,0
0,1,0,0,1,0,0,0,0,0,0,0,0,0,0,1,0,0,0,0,1
0,1,1,0,0,0,0,0,0,0,0,0,0,0,0,0,0,0,0,1,0
0,0,0,0,0,0,0,0,0,0,0,0,0,0,0,0,0,1,0,0,1
0,1,1,0,0,0,0,0,0,0,0,0,0,0,0,0,1,1,0,0,0
0,0,0,0,1,0,0,0,0,0,0,0,0,0,0,0,0,1,0,0,1
0,1,0,0,1,0,0,0,0,0,0,0,0,0,0,0,0,0,0,1,1
0,1,0,0,1,0,0,0,0,0,0,0,1,0,0,0,1,0,0,0,0
0,1,0,0,1,0,0,0,0,0,0,0,1,0,0,0,1,0,0,0,0
0,1,1,0,0,0,0,0,0,1,0,0,0,0,0,1,0,0,1,0,1
0,0,1,0,0,0,0,0,0,1,0,0,0,0,0,0,0,0,0,1,0
0,1,1,0,0,0,0,0,0,0,0,0,0,0,0,0,0,0,0,1,0
0,1,0,0,0,0,0,0,0,1,0,0,0,0,0,1,0,0,0,0,1
0,0,1,0,0,0,0,0,0,0,0,0,0,0,0,1,0,1,0,0,1
0,1,1,1,0,0,0,0,0,1,0,0,0,0,0,0,1,0,1,0,0
0,1,1,1,0,0,0,0,0,1,0,0,0,0,0,1,0,0,0,0,1
0,0,1,0,1,0,0,0,0,0,0,0,0,0,0,0,0,0,0,0,1
0,1,1,0,0,0,0,0,0,0,0,0,0,0,0,1,0,1,0,0,0
1,0,1,0,0,0,0,0,0,0,0,0,0,0,0,0,1,1,0,0,0
0,0,1,0,0,0,0,0,0,0,0,0,0,0,0,0,1,1,0,0,1
0,1,0,0,0,0,0,0,0,0,0,0,0,0,0,0,1,1,0,0,1
0,1,1,0,0,0,0,0,0,0,0,0,0,0,0,0,0,0,0,1,0
0,0,0,0,0,0,0,0,0,1,0,0,0,0,0,0,0,0,0,1,1
0,0,1,0,0,0,0,0,0,0,0,0,0,0,0,0,0,1,0,0,0
0,1,0,1,0,0,0,0,0,1,0,0,0,0,0,0,0,0,0,1,1
0,1,0,0,0,0,0,0,0,1,0,0,0,0,0,0,1,0,0,1,1
1,0,1,0,0,0,0,0,0,0,0,0,0,0,0,0,1,1,0,0,0
0,1,1,0,0,0,0,0,0,0,0,0,0,0,0,0,1,0,0,1,0
0,1,1,0,0,0,0,0,0,0,0,0,0,0,0,1,0,1,0,0,0
0,1,1,0,0,0,0,0,0,0,0,0,0,0,0,0,1,1,0,0,0
0,1,0,0,0,0,0,0,0,0,0,0,0,0,0,0,1,0,0,0,0
0,1,1,0,0,0,0,0,0,0,1,0,0,0,0,0,1,1,0,0,0
0,1,1,0,0,0,0,0,0,0,0,0,0,0,0,0,1,0,0,0,0
0,1,0,0,0,0,1,0,0,0,0,0,0,0,0,0,1,1,0,0,0
0,0,1,0,0,0,0,0,0,0,0,0,0,0,0,0,1,1,0,0,0
0,1,1,0,0,0,0,0,0,0,0,0,0,0,0,0,1,0,1,0,1
0,1,1,0,0,0,0,0,0,0,0,0,0,0,0,1,0,0,0,1,1
0,1,0,0,0,0,0,0,0,0,1,0,0,0,0,0,0,0,0,1,1
0,1,1,0,0,0,0,0,0,0,0,0,0,0,0,0,0,0,0,1,1
1,0,0,0,0,0,0,0,0,0,0,0,0,0,0,0,1,0,0,0,1
0,1,1,0,0,0,0,0,0,0,0,0,0,0,0,0,1,0,0,0,0
0,1,1,0,0,0,0,0,0,0,0,0,0,0,0,0,1,0,0,0,0
0,1,0,0,0,0,0,0,0,0,0,0,0,0,0,1,0,0,1,0,1
0,1,0,0,0,0,0,0,0,1,0,0,0,0,0,0,0,0,0,1,1
0,0,0,0,0,0,0,0,0,1,0,0,0,0,0,0,1,1,0,0,0
0,1,1,0,0,0,0,0,0,0,0,0,0,0,0,0,1,0,1,0,1
0,1,0,1,0,0,0,0,0,1,0,0,0,0,0,1,0,1,0,0,1
0,0,0,1,0,0,0,0,0,1,0,0,0,0,0,0,0,0,0,1,1
0,1,1,0,0,0,0,0,0,0,0,0,0,0,0,1,0,0,0,1,0
0,0,1,0,0,0,0,0,0,0,0,0,0,0,0,0,0,0,0,1,0
0,0,1,0,0,0,0,0,0,0,0,0,0,0,0,0,1,1,0,0,0
0,1,0,0,1,0,0,0,0,0,0,0,0,0,0,0,0,0,0,0,1
0,1,1,0,0,0,0,0,0,0,0,0,0,0,0,1,0,0,0,1,0
0,0,1,1,0,0,0,0,0,1,0,0,0,0,0,0,0,0,0,1,1
0,1,1,0,0,0,0,0,0,0,0,0,0,0,0,0,1,1,0,0,0
0,1,1,0,0,0,0,0,0,0,0,0,0,0,0,0,1,1,0,0,0
0,1,1,0,0,0,0,0,0,0,0,0,0,0,0,0,1,0,1,0,0
0,0,0,0,0,0,0,0,0,1,0,0,0,0,0,0,0,0,0,1,1
0,1,1,0,0,0,0,0,0,0,0,0,0,0,0,0,1,0,0,1,0
1,0,0,0,1,0,0,0,0,0,0,0,0,0,0,0,1,0,0,0,0
0,1,1,0,0,0,0,0,0,1,0,0,0,0,0,1,0,0,0,1,0
0,1,1,1,0,0,0,0,0,1,0,0,0,0,0,0,1,0,0,1,0
0,1,0,0,0,0,0,0,0,0,0,0,0,0,0,1,0,0,0,0,1
0,1,1,0,0,0,0,0,0,0,0,0,0,0,0,0,1,0,0,1,0
0,0,1,0,0,0,0,0,0,0,0,0,0,0,0,0,1,1,0,0,0
0,0,1,0,0,0,0,0,0,1,0,0,0,0,0,0,0,0,0,1,1
0,1,0,1,0,0,0,0,0,0,1,0,0,0,0,1,0,1,0,0,1
0,1,1,0,0,0,0,0,0,0,0,0,0,0,0,0,1,1,0,0,0
0,1,1,0,0,0,0,0,0,0,0,0,0,0,0,0,0,1,0,0,0
0,1,1,0,0,0,0,0,0,0,0,0,0,0,0,0,1,0,0,1,0
0,0,1,0,0,0,0,0,0,0,0,0,0,0,0,0,0,0,1,0,1
0,1,1,0,0,0,0,0,0,1,0,0,0,0,0,0,1,0,0,1,0
0,1,1,0,0,0,0,0,0,0,0,0,0,0,0,0,1,1,0,0,0
0,1,1,0,0,0,0,0,0,0,0,0,0,0,0,0,0,1,0,0,1
0,0,0,0,1,0,0,0,0,1,0,0,0,0,0,1,0,1,0,0,1
0,1,0,0,0,0,0,0,0,0,0,0,0,0,0,0,0,0,0,1,1
0,1,0,0,0,0,0,1,0,1,0,0,0,0,0,0,1,0,0,1,0
0,1,1,0,0,0,0,0,0,0,0,0,0,0,0,0,1,1,0,0,0
1,0,0,0,0,0,0,0,0,1,0,0,0,0,0,0,1,0,0,0,1
1,0,1,0,0,0,0,0,0,0,0,0,0,0,0,0,1,1,0,0,0
0,1,1,0,0,0,0,0,0,0,0,0,0,0,0,0,1,0,1,0,0
0,1,0,0,1,0,0,0,0,1,0,0,0,0,0,1,0,1,0,0,1
0,1,1,1,0,0,0,0,0,1,0,0,0,0,0,0,1,0,1,0,0
0,1,0,0,0,0,0,0,0,1,0,0,0,0,0,0,1,1,0,0,0
0,1,0,1,0,0,0,0,0,0,1,0,0,0,0,1,0,0,0,0,1
0,1,1,0,0,0,0,0,0,0,0,0,0,0,0,1,0,1,0,0,0
0,0,1,0,0,0,0,0,0,1,0,0,0,0,0,0,1,1,0,0,0
0,1,1,0,0,0,0,0,0,1,0,0,0,0,0,0,0,0,0,1,1
0,0,1,1,0,0,0,0,0,1,0,0,0,0,0,0,1,0,0,0,1
0,1,1,0,0,0,0,0,0,0,0,0,0,0,0,0,1,0,0,0,0
0,1,1,0,0,0,0,0,0,0,0,0,0,0,0,0,1,0,0,0,0
0,1,1,0,0,0,0,0,0,0,0,0,0,0,0,0,0,0,0,1,0
1,0,1,0,0,0,0,0,0,0,0,0,0,0,0,1,0,0,0,1,0
0,1,0,0,0,0,0,0,0,0,0,0,0,0,0,0,0,0,0,0,1
0,1,1,0,0,0,0,0,0,0,0,0,0,0,0,0,1,1,0,0,0
1,0,1,0,0,0,0,0,0,0,0,0,0,0,0,0,1,1,0,0,0
0,1,1,0,0,0,0,0,0,0,0,0,0,0,0,0,0,0,0,1,1
0,1,1,0,0,0,0,0,0,0,0,0,0,0,0,0,1,0,0,1,0
0,0,1,0,0,0,0,0,0,0,0,0,0,0,0,0,0,0,1,0,1
0,1,1,0,0,0,0,0,0,0,0,0,0,0,0,0,0,1,0,0,0
0,1,0,0,1,0,0,0,0,0,0,1,0,0,0,0,1,0,0,0,0
0,1,0,0,0,0,0,0,0,0,0,0,0,0,0,1,0,1,0,0,1
0,1,1,0,0,0,0,0,0,0,0,0,0,0,0,0,1,0,1,0,0
0,1,1,1,0,0,0,0,0,1,0,0,0,0,0,1,0,0,1,0,0
0,1,0,0,0,0,0,1,0,0,0,0,0,0,0,0,1,0,0,1,0
0,1,1,0,0,0,0,0,0,1,0,0,0,0,0,0,1,1,0,0,0
0,1,1,0,0,0,0,0,0,0,0,0,0,0,0,0,1,0,0,0,0
0,0,0,0,0,0,0,0,0,0,0,0,0,0,0,0,0,1,0,0,1
0,1,0,0,1,0,0,0,0,0,0,1,0,0,0,0,1,0,0,0,0
0,1,1,0,0,0,0,0,0,0,0,0,0,0,0,0,1,1,0,0,1
0,0,0,1,0,0,0,0,0,0,1,0,0,0,0,0,1,0,0,0,1
0,0,1,0,0,0,0,0,0,1,0,0,0,0,0,0,0,0,0,1,1
0,1,1,0,0,0,0,0,0,0,0,0,0,0,0,0,1,0,0,0,0
0,0,1,0,0,0,0,0,0,0,0,0,0,0,0,0,0,0,0,1,1
0,1,1,0,0,0,0,0,0,0,0,0,0,0,0,0,1,1,0,0,0
0,1,0,0,0,0,0,0,0,0,0,0,0,0,0,0,1,1,0,0,1
0,1,1,0,0,0,0,0,0,0,0,0,0,0,0,0,1,1,0,0,0
0,1,0,1,0,0,0,0,0,0,0,0,0,0,0,1,0,0,0,0,1
0,1,1,0,0,0,0,0,0,0,0,0,0,0,0,0,1,0,0,0,0
1,0,0,0,0,0,0,0,0,0,0,0,0,0,0,0,1,0,0,0,1
1,0,0,0,0,0,0,0,0,0,0,0,0,0,0,0,1,0,0,0,0
0,1,1,0,0,0,0,0,0,0,1,0,0,0,0,1,0,1,0,0,0
0,1,1,0,0,0,0,0,0,0,0,0,0,0,0,0,1,1,0,0,0
1,0,0,1,0,0,0,0,0,1,0,0,0,0,0,0,1,0,1,0,0
0,1,1,0,0,0,0,0,0,0,0,0,0,0,0,1,0,1,0,0,0
0,0,1,0,1,0,0,0,0,0,0,0,0,0,0,0,0,0,0,1,0
0,1,1,0,0,0,0,0,0,0,1,0,0,0,0,0,0,0,0,1,1
0,0,1,0,0,0,0,0,0,0,0,0,0,0,0,0,1,0,0,1,0
0,1,1,0,0,0,0,0,0,0,0,0,0,0,0,0,0,0,0,1,0
0,1,1,0,0,0,0,0,0,0,0,0,0,0,0,0,1,0,0,1,0
0,1,1,0,0,0,0,0,0,1,0,0,0,0,0,0,1,0,0,0,1
0,1,1,0,0,0,0,0,0,0,1,0,0,0,0,1,0,0,1,0,0
0,1,1,0,0,0,0,0,0,0,0,0,0,0,0,1,0,1,0,0,0
0,1,1,0,0,0,0,0,0,0,0,0,0,0,0,0,1,1,0,0,0
0,1,1,0,0,0,0,0,0,0,0,0,0,0,0,0,1,0,0,1,0
0,1,0,0,0,0,0,0,0,1,0,0,0,0,0,0,0,1,0,0,1
0,1,0,1,0,0,0,0,0,1,0,0,0,0,0,1,0,0,0,1,1
0,1,1,0,0,0,0,0,0,1,0,0,0,0,0,0,0,0,1,0,0
0,1,1,0,0,0,0,0,0,0,0,0,0,0,0,1,0,0,0,1,0
0,1,1,0,0,0,0,0,0,0,0,0,0,0,0,1,0,0,1,0,1
0,1,1,0,0,0,0,0,0,0,0,0,0,0,0,1,0,1,0,0,0
0,1,1,0,0,0,0,0,0,0,0,0,0,0,0,0,1,0,0,0,0
0,1,1,0,0,0,0,0,0,0,0,0,0,0,0,0,1,1,0,0,0
0,1,0,0,0,0,0,0,0,0,0,0,0,0,0,0,1,0,0,0,1
0,1,0,0,0,0,0,0,1,1,0,0,0,0,0,0,1,0,0,1,0
0,0,1,1,0,0,0,0,0,0,0,0,0,0,0,0,0,0,0,1,1
1,0,0,0,0,0,0,0,0,0,0,0,0,0,0,0,1,0,0,0,0
0,0,1,0,0,0,0,0,0,0,0,0,0,0,0,0,0,1,0,0,1
0,1,1,0,0,0,0,0,0,0,0,0,0,0,0,0,1,0,0,0,0
0,1,1,0,1,0,0,0,0,0,0,0,0,1,0,0,1,0,0,0,0
0,1,1,1,0,0,0,0,0,1,0,0,0,0,0,1,0,0,0,1,0
0,0,1,0,1,0,0,0,0,1,0,0,0,0,0,1,0,1,0,0,0
0,1,1,1,0,0,0,0,0,0,0,0,1,0,0,0,1,0,0,0,0
0,1,1,0,0,0,0,0,0,0,0,0,0,0,0,0,1,0,0,0,0
0,1,1,0,0,0,0,0,0,0,0,0,0,0,0,0,1,0,0,0,0
0,1,0,1,0,0,0,0,0,0,0,0,0,0,0,0,0,0,0,0,1
0,1,1,0,0,0,0,0,0,1,0,0,0,0,0,0,0,0,1,0,1
0,0,0,1,0,0,0,0,0,0,0,0,0,0,0,0,1,0,0,0,1
0,1,1,0,0,0,0,0,0,0,0,0,0,0,0,0,1,1,0,0,1
0,0,1,0,0,0,0,0,0,0,0,0,0,0,0,0,1,1,0,0,0
0,1,1,0,0,0,0,0,0,0,0,0,0,0,0,0,0,0,0,1,0
0,1,1,0,0,0,0,0,0,0,0,0,0,0,0,1,0,0,0,1,0
0,1,1,0,0,0,0,0,0,0,0,0,0,0,0,0,1,0,0,1,0
1,0,0,0,0,0,0,0,0,0,0,0,0,0,0,0,1,0,0,0,1
0,0,1,1,0,0,0,0,0,1,0,0,0,0,0,0,0,0,0,1,0
0,1,1,0,0,0,0,0,0,0,0,0,0,0,0,0,1,0,0,1,0
0,0,0,0,0,0,0,0,0,1,0,0,0,0,0,0,0,0,0,0,1
0,1,1,0,0,0,0,0,0,0,0,0,0,0,0,0,0,0,1,0,1
0,0,0,1,0,0,0,0,0,0,0,0,0,0,0,0,1,0,0,0,0
1,0,1,0,0,0,0,0,0,0,0,0,0,0,0,0,1,1,0,0,0
0,1,1,0,0,0,0,0,0,1,0,0,0,0,0,0,1,1,0,0,0
0,1,1,0,0,0,0,0,0,0,0,0,0,0,0,1,0,0,0,1,0
0,1,0,0,0,0,0,0,0,0,0,0,0,0,0,1,0,0,0,1,1
0,1,1,0,0,0,0,0,0,0,0,0,0,0,0,0,0,0,0,1,1
0,1,0,0,0,0,0,0,0,0,0,0,0,0,0,0,0,1,0,0,1
0,0,1,1,0,0,0,0,0,1,0,0,0,0,0,0,1,0,0,0,1
0,0,0,0,0,0,0,0,0,0,0,0,0,0,0,0,0,1,0,0,1
0,1,1,0,0,0,0,0,0,0,0,0,0,0,0,0,0,1,0,0,0
0,1,1,0,0,0,0,0,0,1,0,0,0,0,0,0,0,0,0,1,1
0,1,1,0,0,0,0,0,0,0,0,0,0,0,0,0,1,1,0,0,0
0,1,1,0,0,0,0,0,0,0,0,0,0,0,0,1,0,0,0,1,0
0,1,1,0,0,0,0,0,0,0,0,0,0,0,0,0,1,0,0,0,0
0,0,0,0,0,0,0,0,0,0,0,0,0,0,0,0,0,0,0,1,1
0,1,0,0,0,0,0,0,0,0,0,0,0,0,0,1,0,1,0,0,1
1,0,1,0,0,0,0,0,0,0,0,0,0,0,0,0,1,1,0,0,0
0,1,1,0,0,0,0,0,0,0,0,0,0,0,0,0,1,0,1,0,0
0,1,0,1,0,0,0,0,0,0,0,0,0,0,0,1,0,0,0,0,1
0,1,1,0,0,0,0,0,0,1,0,0,0,0,0,0,1,0,0,0,0
0,1,1,0,0,0,0,0,0,0,0,0,0,0,0,1,0,0,1,0,0
0,1,1,0,0,0,0,0,0,0,0,0,0,0,0,1,0,0,0,1,0
0,1,1,0,0,0,0,0,0,1,0,0,0,0,0,0,0,1,0,0,1
0,1,1,0,0,0,0,0,0,0,0,0,0,0,0,0,1,0,0,0,0
0,1,0,0,0,0,0,0,0,0,0,1,0,0,0,1,0,1,0,0,1
1,0,0,0,0,0,0,0,0,0,0,0,0,0,0,0,1,0,0,0,1
0,1,1,0,0,0,0,0,0,1,0,0,0,0,0,1,0,1,0,0,0
0,1,0,0,0,0,0,0,0,1,0,0,0,0,0,0,1,1,0,0,0
0,1,0,0,0,0,0,0,0,0,0,0,0,0,0,0,0,1,0,0,1
0,0,1,0,0,0,0,0,0,0,0,0,0,0,0,0,1,0,0,0,0
0,1,1,0,0,0,0,0,0,0,0,0,0,0,0,1,0,1,0,0,0
0,1,1,0,0,0,0,0,0,0,0,0,0,0,0,1,0,1,0,0,0
0,1,1,0,0,0,0,0,0,0,0,0,0,0,0,1,0,1,0,0,0
0,1,1,0,0,0,0,0,0,0,0,0,0,0,0,0,1,1,0,0,0
0,1,0,0,0,1,0,0,0,1,0,0,0,0,0,0,1,0,0,1,0
0,0,1,0,0,0,0,0,0,0,0,0,0,0,0,0,0,0,1,0,1
0,1,1,0,0,0,0,0,0,0,0,0,0,0,0,0,1,1,0,0,0
0,1,1,0,0,0,0,0,0,0,0,0,0,0,0,0,1,1,0,0,0
0,1,1,0,0,0,0,0,0,0,0,0,0,0,0,0,0,1,0,0,1
0,1,1,0,0,0,0,0,0,1,0,0,0,0,0,0,0,0,0,1,0
0,0,0,0,1,0,0,0,0,0,1,0,0,0,0,0,0,0,0,0,1
0,1,1,0,0,0,0,0,0,1,0,0,0,0,0,0,1,1,0,0,0
0,1,1,0,0,0,0,0,0,0,0,0,0,0,0,0,1,0,1,0,1
0,1,1,1,0,0,0,0,0,1,0,0,0,0,0,0,0,0,0,1,0
0,1,1,1,0,0,0,0,0,1,0,0,0,0,0,0,1,0,0,0,0
0,1,0,0,0,0,0,0,0,0,0,0,0,0,0,1,0,1,0,0,1
0,1,1,0,0,0,0,0,0,1,0,0,0,0,0,0,0,0,0,0,0
1,0,1,0,0,0,0,0,0,0,0,0,0,0,0,0,1,0,1,0,0
0,1,0,1,0,0,0,0,0,1,0,0,0,0,0,1,0,0,0,0,1
0,1,1,1,0,0,0,0,0,0,0,0,0,0,0,0,1,0,0,0,1
0,1,1,0,0,0,0,0,0,0,0,0,0,0,0,0,1,0,1,0,0
0,1,1,0,0,0,0,0,0,0,0,0,0,0,0,0,1,1,0,0,0
0,1,0,0,1,0,0,0,0,1,0,0,0,0,0,1,0,0,0,1,1
0,1,1,1,0,0,0,0,0,1,0,0,0,0,0,1,0,0,0,0,1
0,1,1,0,0,0,0,0,0,0,0,0,0,0,0,0,1,1,0,0,0
0,1,1,0,0,0,0,0,0,0,0,0,0,0,0,1,0,0,0,0,0
0,1,1,0,0,0,0,0,0,0,0,0,0,0,0,0,1,0,1,0,0
0,1,0,0,0,0,0,0,0,0,0,0,0,0,0,0,0,0,1,0,1
0,1,1,0,0,0,0,0,0,0,0,0,0,0,0,0,1,1,0,0,0
0,1,1,0,0,0,0,0,0,0,0,0,0,0,0,0,1,0,0,1,0
0,0,1,0,0,0,0,0,0,0,0,0,0,0,0,0,1,0,0,0,1
0,1,0,0,1,0,0,0,0,1,0,0,0,0,0,0,0,0,0,1,1
0,1,1,0,0,0,0,0,0,0,0,0,0,0,0,0,1,0,0,0,0
0,1,0,0,0,0,0,0,0,1,0,0,0,0,0,0,0,0,0,1,1
0,0,1,0,0,0,0,0,0,0,0,0,0,0,0,0,0,0,0,0,0
1,0,0,0,0,0,0,0,0,0,0,0,0,0,0,0,1,0,1,0,0
1,0,1,0,0,0,0,0,0,1,0,0,0,0,0,0,1,1,0,0,0
0,1,1,0,0,0,0,0,0,0,0,0,0,0,0,0,1,0,1,0,0
0,1,1,0,0,0,0,0,0,0,0,0,0,0,0,0,1,1,0,0,0
0,1,1,0,0,0,0,0,0,0,0,0,0,0,0,0,1,0,0,1,0
0,1,0,0,0,0,0,0,0,0,0,0,0,0,0,1,0,0,0,1,0
0,0,1,0,0,0,0,0,0,0,0,0,0,0,0,0,1,1,0,0,0
0,1,0,0,0,1,0,0,0,1,0,0,0,0,0,1,0,0,0,1,1
0,1,1,0,0,0,0,0,0,0,0,0,0,0,0,0,1,0,0,0,0
1,0,1,0,0,0,0,0,0,0,0,0,0,0,0,0,1,1,0,0,0
0,1,0,0,0,0,0,0,0,0,0,0,0,0,0,0,1,0,0,0,1
1,0,1,0,0,0,0,0,0,0,0,0,0,0,0,0,1,1,0,0,0
0,1,0,1,0,0,0,0,0,0,0,0,0,0,0,0,0,0,0,1,1
0,0,0,0,0,0,0,0,0,0,0,0,0,0,0,0,1,0,0,0,1
0,1,0,0,0,0,0,0,0,1,0,0,0,0,0,0,0,0,0,0,1
0,1,1,0,0,0,0,0,0,0,0,0,0,0,0,0,0,1,0,0,0
0,1,1,0,1,0,0,0,0,1,0,0,0,0,0,0,1,1,0,0,0
0,1,1,0,0,0,0,0,0,0,0,0,0,0,0,0,1,1,0,0,0
0,1,1,0,0,0,0,0,0,0,0,0,0,0,0,0,1,1,0,0,0
0,1,0,0,0,0,0,0,0,0,0,0,0,0,0,0,1,0,0,0,1
1,0,1,1,0,0,0,0,0,0,0,0,1,0,0,0,1,0,0,0,0
0,1,1,0,1,0,0,0,0,1,0,0,0,0,0,0,1,0,0,0,1
0,0,1,0,0,0,0,0,0,0,0,0,0,0,0,0,0,0,0,1,0
1,0,1,0,0,0,0,0,0,0,0,0,0,0,0,0,1,1,0,0,0
0,1,1,0,0,0,0,0,0,0,0,0,0,0,0,1,0,0,0,0,0
0,1,0,0,1,0,0,0,0,0,0,0,0,0,1,0,1,0,0,0,0
0,0,1,0,0,0,0,0,0,0,0,0,0,0,0,0,0,1,0,0,0
0,1,1,0,0,0,0,0,0,0,0,0,0,0,0,0,1,1,0,0,0
0,1,1,0,0,0,0,0,0,0,0,0,0,0,0,1,0,0,0,1,0
0,1,0,0,0,0,0,0,0,0,0,0,0,0,0,0,0,0,0,1,1
0,1,0,0,0,0,0,0,0,0,0,0,0,0,0,0,1,0,1,0,1
0,0,1,0,0,0,0,0,0,0,0,0,0,0,0,0,1,1,0,0,0
0,1,0,1,0,0,0,0,0,1,0,0,0,0,0,0,1,1,0,0,0
0,1,1,0,0,0,0,0,0,0,0,0,0,0,0,1,0,0,1,0,0
0,1,0,1,0,0,0,0,0,1,0,0,0,0,0,1,0,0,1,0,1
0,1,1,0,1,0,0,0,0,1,0,0,0,0,0,0,0,0,0,0,1
0,0,1,1,0,0,0,0,0,0,0,0,0,0,0,0,1,0,0,0,1
0,1,1,0,0,0,0,0,0,0,0,0,0,0,0,0,1,1,0,0,1
0,1,1,0,0,0,0,0,0,0,0,0,0,0,0,0,1,0,1,0,0
0,1,1,0,0,0,0,0,0,0,0,0,0,0,0,0,0,0,0,1,0
0,1,0,0,0,0,0,0,0,0,0,0,0,0,0,0,1,0,0,0,0
0,1,1,0,0,0,0,0,0,0,0,0,0,0,0,1,0,0,0,1,0
0,1,0,0,0,0,0,0,0,1,0,0,0,0,0,0,0,0,1,0,1
0,1,1,0,0,0,0,0,0,0,0,0,0,0,0,0,1,1,0,0,0
0,1,1,0,0,0,0,0,0,0,0,0,0,0,0,0,1,0,0,1,0
0,1,1,0,0,0,0,0,0,0,0,0,0,0,0,1,0,0,1,0,0
0,1,0,0,1,0,0,0,0,0,0,0,1,0,0,0,1,0,0,0,0
0,1,1,0,0,0,0,0,0,0,0,0,0,0,0,0,1,0,1,0,0
0,1,1,0,0,0,0,0,0,0,0,0,0,0,0,0,0,1,0,0,0
0,1,0,0,0,0,0,0,0,0,0,0,0,0,0,0,1,1,0,0,0
0,0,1,1,0,0,0,0,0,1,0,0,0,0,0,1,0,0,1,0,0
0,1,1,0,0,0,0,0,0,0,0,0,0,0,0,0,1,0,0,1,0
0,1,1,0,1,0,0,0,0,0,0,1,0,0,0,0,1,0,0,0,0
0,1,0,1,0,0,0,0,0,1,0,0,0,0,0,0,0,0,0,1,1
0,1,1,0,0,0,0,0,0,0,0,0,0,0,0,0,1,1,0,0,1
0,1,1,0,0,0,0,0,0,0,0,0,0,0,0,0,0,0,0,1,0
0,1,0,1,0,0,0,0,0,0,0,0,0,0,0,0,1,1,0,0,1
0,1,1,1,0,0,0,0,0,0,0,0,1,0,0,0,1,0,0,0,0
1,0,1,0,0,0,0,0,0,0,0,0,0,0,0,0,1,1,0,0,0
0,1,1,0,0,0,0,0,0,0,0,0,0,0,0,0,1,1,0,0,0
0,0,1,0,1,0,0,0,0,0,0,0,0,0,0,1,0,0,0,0,1
1,0,1,0,0,0,0,0,0,0,0,0,0,0,0,0,1,1,0,0,1
0,0,0,0,0,0,0,0,0,1,0,0,0,0,0,0,1,0,0,0,1
0,1,1,1,0,0,0,0,0,1,0,0,0,0,0,1,0,0,0,0,1
0,0,1,0,0,0,0,0,0,0,0,0,0,0,0,0,1,1,0,0,0
0,1,1,0,0,0,0,0,0,0,0,0,0,0,0,0,1,1,0,0,0
0,1,1,0,0,0,0,0,0,0,0,0,0,0,0,0,1,0,0,0,0
0,0,0,1,0,0,0,0,0,1,0,0,0,0,0,0,0,0,0,1,1
0,1,1,0,0,0,0,0,0,0,0,0,0,0,0,0,1,0,0,0,0
0,1,1,0,0,0,0,0,0,0,0,0,0,0,0,0,1,1,0,0,0
0,1,1,0,0,0,0,0,0,0,0,0,0,0,0,0,1,0,1,0,1
0,0,1,0,0,0,0,0,0,0,0,0,0,0,0,0,0,1,0,0,1
0,1,1,0,0,0,0,0,0,0,0,0,0,0,0,0,1,0,0,0,0
0,1,1,0,0,0,0,0,0,0,0,0,0,0,0,1,0,0,0,0,0
0,0,0,0,0,0,0,0,0,0,0,0,0,0,0,0,0,1,0,0,1
0,0,1,0,0,0,0,0,0,0,0,0,0,0,0,0,1,0,1,0,0
0,1,1,0,0,0,0,0,0,0,0,0,0,0,0,0,1,0,0,0,0
0,1,1,0,0,0,0,0,0,0,0,0,0,0,0,0,1,0,0,1,0
0,1,1,0,1,0,0,0,0,0,0,0,0,0,1,0,1,1,0,0,0
0,0,1,0,0,0,0,0,0,0,0,0,0,0,0,0,1,0,1,0,0
0,1,1,1,0,0,0,0,0,0,0,0,0,0,0,1,0,1,0,0,0
0,0,0,0,0,0,0,0,0,1,0,0,0,0,0,0,0,1,0,0,1
0,1,1,0,1,0,0,0,0,0,0,0,1,0,0,0,1,0,0,0,0
0,1,1,0,0,0,0,0,0,0,0,0,0,0,0,0,1,0,0,1,0
0,0,0,1,0,0,0,0,0,1,0,0,0,0,0,0,1,0,0,0,0
0,1,0,1,0,0,0,0,0,0,0,0,0,0,0,0,0,0,0,0,1
0,1,0,0,0,0,0,0,0,1,0,0,0,0,0,1,0,0,0,1,0
0,1,0,1,0,0,0,0,0,0,0,0,0,0,0,0,1,0,0,0,1
0,1,0,1,0,0,0,0,0,1,0,0,0,0,0,0,0,0,0,1,1
0,1,1,0,0,0,0,0,0,0,0,0,0,0,0,0,0,0,0,1,1
0,0,0,0,0,1,0,0,0,0,0,0,0,0,0,0,1,1,0,0,1
0,0,1,0,0,0,0,0,0,0,0,0,0,0,0,0,1,1,0,0,0
0,1,1,0,0,0,0,0,0,0,1,0,0,0,0,0,1,0,0,1,0
0,1,1,0,0,0,0,0,0,1,0,0,0,0,0,1,0,0,0,0,0
0,1,0,0,0,0,0,0,0,0,0,0,0,0,0,0,0,0,0,1,1
0,1,0,0,1,0,0,0,0,0,0,0,0,0,1,0,1,0,0,0,0
0,1,1,0,0,0,0,0,0,0,0,0,0,0,0,1,0,1,0,0,0
0,1,0,0,0,0,0,0,0,0,0,0,0,0,0,1,0,0,0,1,1
0,0,0,0,0,0,0,0,0,1,0,0,0,0,0,1,0,1,0,0,1
0,1,1,0,0,0,0,0,0,0,0,0,0,0,0,0,0,0,1,0,0
0,1,1,0,0,0,0,0,0,0,0,0,0,0,0,0,1,1,0,0,0
0,1,1,1,0,0,0,0,0,1,0,0,0,0,0,0,1,0,0,0,1
0,1,1,0,0,0,0,0,0,0,0,0,0,0,0,0,1,1,0,0,0
0,1,0,1,0,0,0,0,0,1,0,0,0,0,0,0,0,0,0,1,1
0,1,1,0,0,0,0,0,0,0,0,0,0,0,0,0,0,0,1,0,0
0,1,1,0,0,0,0,0,0,0,0,0,0,0,0,0,1,0,0,1,0
0,0,0,0,0,0,0,0,0,1,0,0,0,0,0,1,0,1,0,0,1
0,0,0,0,0,0,0,0,0,0,0,0,0,0,0,0,1,0,0,0,1
0,1,1,0,0,0,0,0,0,0,0,0,0,0,0,0,1,0,0,0,0
0,1,1,0,0,0,0,0,0,0,0,0,0,0,0,0,1,0,0,0,0
0,1,1,0,0,0,0,0,0,0,0,0,0,0,0,0,1,1,0,0,0
0,0,0,1,0,0,0,0,0,0,0,0,0,0,0,0,0,0,0,1,1
0,1,0,1,0,0,0,0,0,0,0,0,0,0,0,1,0,1,0,0,1
0,1,1,0,0,0,0,0,0,0,0,0,0,0,0,0,1,0,1,0,0
0,1,0,0,0,0,0,0,0,0,0,0,0,0,0,0,1,1,0,0,0
0,1,1,0,0,0,0,0,0,0,0,0,0,0,0,1,0,1,0,0,0
0,1,1,0,0,0,0,0,0,0,0,0,0,0,0,0,1,1,0,0,0
1,0,0,0,0,0,0,1,0,0,0,0,0,0,0,0,1,0,0,1,0
0,1,1,0,0,0,0,0,0,0,0,0,0,0,0,1,0,1,0,0,0
0,1,0,0,0,0,0,0,0,0,0,0,0,0,0,0,0,0,0,0,1
0,1,0,0,1,0,0,0,0,1,0,0,0,0,0,0,1,0,0,0,0
0,0,1,0,0,0,0,0,0,0,0,0,0,0,0,0,0,1,0,0,1
1,0,1,0,0,0,0,0,0,0,0,0,0,0,0,0,1,0,1,0,0
